-- MySQL dump 10.16  Distrib 10.1.21-MariaDB, for Win32 (AMD64)
--
-- Host: localhost    Database: localhost
-- ------------------------------------------------------
-- Server version	10.1.21-MariaDB

/*!40101 SET @OLD_CHARACTER_SET_CLIENT=@@CHARACTER_SET_CLIENT */;
/*!40101 SET @OLD_CHARACTER_SET_RESULTS=@@CHARACTER_SET_RESULTS */;
/*!40101 SET @OLD_COLLATION_CONNECTION=@@COLLATION_CONNECTION */;
/*!40101 SET NAMES utf8 */;
/*!40103 SET @OLD_TIME_ZONE=@@TIME_ZONE */;
/*!40103 SET TIME_ZONE='+00:00' */;
/*!40014 SET @OLD_UNIQUE_CHECKS=@@UNIQUE_CHECKS, UNIQUE_CHECKS=0 */;
/*!40014 SET @OLD_FOREIGN_KEY_CHECKS=@@FOREIGN_KEY_CHECKS, FOREIGN_KEY_CHECKS=0 */;
/*!40101 SET @OLD_SQL_MODE=@@SQL_MODE, SQL_MODE='NO_AUTO_VALUE_ON_ZERO' */;
/*!40111 SET @OLD_SQL_NOTES=@@SQL_NOTES, SQL_NOTES=0 */;

--
-- Current Database: `saddathissa`
--

CREATE DATABASE /*!32312 IF NOT EXISTS*/ `saddathissa` /*!40100 DEFAULT CHARACTER SET latin1 */;

USE `saddathissa`;

--
-- Table structure for table `admin`
--

DROP TABLE IF EXISTS `admin`;
/*!40101 SET @saved_cs_client     = @@character_set_client */;
/*!40101 SET character_set_client = utf8 */;
CREATE TABLE `admin` (
  `admin_id` int(11) NOT NULL AUTO_INCREMENT,
  `admin_name` varchar(255) NOT NULL,
  `admin_pass` varchar(255) NOT NULL,
  PRIMARY KEY (`admin_id`)
) ENGINE=InnoDB AUTO_INCREMENT=6 DEFAULT CHARSET=utf8;
/*!40101 SET character_set_client = @saved_cs_client */;

--
-- Dumping data for table `admin`
--

LOCK TABLES `admin` WRITE;
/*!40000 ALTER TABLE `admin` DISABLE KEYS */;
INSERT INTO `admin` VALUES (1,'Admin','9ScWSAWpVt+YrRUrObmaUg=='),(2,'user1','j3T1DdSvAb8='),(3,'user2','oa+EtgZA+zE='),(4,'user3','IxNCwO3D/Nk='),(5,'user4','v3Q4cabenCY=');
/*!40000 ALTER TABLE `admin` ENABLE KEYS */;
UNLOCK TABLES;

--
-- Table structure for table `bank`
--

DROP TABLE IF EXISTS `bank`;
/*!40101 SET @saved_cs_client     = @@character_set_client */;
/*!40101 SET character_set_client = utf8 */;
CREATE TABLE `bank` (
  `account_num` varchar(255) NOT NULL,
  `start_balance` varchar(255) NOT NULL,
  `for_bank` varchar(255) NOT NULL,
  PRIMARY KEY (`account_num`)
) ENGINE=InnoDB DEFAULT CHARSET=utf8;
/*!40101 SET character_set_client = @saved_cs_client */;

--
-- Dumping data for table `bank`
--

LOCK TABLES `bank` WRITE;
/*!40000 ALTER TABLE `bank` DISABLE KEYS */;
INSERT INTO `bank` VALUES ('20140000','12000000','100'),('20140001','','100'),('20140002','','100'),('20140003','','100'),('20140004','','100'),('20140005','','100'),('20140006','','100'),('20140007','','100'),('20140008','','100'),('20140009','','100'),('20140010','','100'),('20140011','','100'),('20140012','','100'),('20140013','','100'),('20140014','','100'),('20140015','','100'),('20140016','','100'),('20140017','','100'),('20140018','','100'),('20140019','','100'),('20140020','','100'),('20140021','','100'),('20140022','','100'),('20140023','','100'),('20140024','','100'),('20140025','','100'),('20140026','','100'),('20140027','','100'),('20140028','','100'),('20140029','','100'),('20140030','','100'),('20140031','','100'),('20140032','','100'),('20140033','','100'),('20140034','','100'),('20140035','','100'),('20140036','','100'),('20140037','','100'),('20140038','','100'),('20140039','','100'),('20140040','','100'),('20140041','','100'),('20140042','','100'),('20140043','','100'),('20140044','','100'),('20140045','','100'),('20140046','','100'),('20140047','','100'),('20140048','','100'),('20140049','','100'),('20140050','','100'),('20140051','','100'),('20140052','','100'),('20140053','','100'),('20140054','','100'),('20140055','','100'),('20140056','','100'),('20140057','','100'),('20140058','','100'),('20140059','','100'),('20140060','','100'),('20140061','','100'),('20140062','','100'),('20140063','','100'),('20140064','','100'),('20140065','','100'),('20140066','','100'),('20140067','','100'),('20140068','','100'),('20140069','','100'),('20140070','','100'),('20140071','','100'),('20140072','','100'),('20140073','','100'),('20140074','','100'),('20140075','','100'),('20140076','','100'),('20140077','','100'),('20140078','','100'),('20140079','','100'),('20140080','','100'),('20140081','','100'),('20140082','','100'),('20140083','','100'),('20140084','','100'),('20140085','','100'),('20140086','','100'),('20140087','','100'),('20140088','','100'),('20140089','','100'),('20140090','','100'),('20140091','','100'),('20140092','','100'),('20140093','','100'),('20140094','','100'),('20140095','','100'),('20140096','','100'),('20140097','','100'),('20140098','','100'),('20140099','','100'),('20140100','','100'),('20140101','','100'),('20140102','','100'),('20140103','','100'),('20140104','','100'),('20140105','','100'),('20140106','','100'),('20140107','','100'),('20140108','','100'),('20140109','','100'),('20140110','','100'),('20140111','','100'),('20140112','','100'),('20140113','','100'),('20140114','','100'),('20140115','','100'),('20140116','','100'),('20140117','','100'),('20140118','','100'),('20140119','','100'),('20140120','','100'),('20140121','','100'),('20140122','','100'),('20140123','','100'),('20140124','','100'),('20140125','','100'),('20140126','','100'),('20140127','','100'),('20140128','','100'),('20140129','','100'),('20140130','','100'),('20140131','','100'),('20140132','','100'),('20140133','','100'),('20140134','','100'),('20140135','','100'),('20140136','','100'),('20140137','','100'),('20140138','','100'),('20140139','','100'),('20140140','','100'),('20140141','','100'),('20140142','','100'),('20140143','','100'),('20140144','','100'),('20140145','','100'),('20140146','','100'),('20140147','','100'),('20140148','','100'),('20140149','','100'),('20140150','','100'),('20140151','','100'),('20140152','','100'),('20140153','','100'),('20140154','','100'),('20140155','','100'),('20140156','','100'),('20140157','','100'),('20140158','','100'),('20140159','','100'),('20140160','','100'),('20140161','','100'),('20140162','','100'),('20140163','','100'),('20140164','','100'),('20140165','','100'),('20140166','','100'),('20140167','','100'),('20140169','','100'),('20140170','','100'),('20140171','','100'),('20140172','','100'),('20140173','','100'),('20142345','3456789','100'),('20170168','','100');
/*!40000 ALTER TABLE `bank` ENABLE KEYS */;
UNLOCK TABLES;

--
-- Table structure for table `interest`
--

DROP TABLE IF EXISTS `interest`;
/*!40101 SET @saved_cs_client     = @@character_set_client */;
/*!40101 SET character_set_client = utf8 */;
CREATE TABLE `interest` (
  `id` varchar(255) NOT NULL,
  `def` varchar(255) NOT NULL,
  `current_blance` varchar(255) NOT NULL,
  `interst_with_balance` varchar(255) NOT NULL,
  PRIMARY KEY (`id`)
) ENGINE=InnoDB DEFAULT CHARSET=utf8;
/*!40101 SET character_set_client = @saved_cs_client */;

--
-- Dumping data for table `interest`
--

LOCK TABLES `interest` WRITE;
/*!40000 ALTER TABLE `interest` DISABLE KEYS */;
INSERT INTO `interest` VALUES ('20140000','','13239196',''),('20140002','0','4053.28','0'),('20140003		','0','1278.17','0'),('20140004','0','288.48','0'),('20140005','0','4753.18','0'),('20140006','0','2373.32','0'),('20140007','0','124.16','0'),('20140008','0','146.16','0'),('20140009','0','1407.62','0'),('20140010','0','5265.18','0'),('20140011','0','7518.58','0'),('20140012','0','44870.08','0'),('20140013','0','1979.48','0'),('20140014','0','186.32','0'),('20140015','0','3553.89','0'),('20140016','0','3096.05','0'),('20140017','0','0.00','0'),('20140018','0','23','0'),('20140019','0','2287.93','0'),('20140020','0','536.23','0'),('20140021','0','3918.57','0'),('20140022','0','24.60','0'),('20140023','0','754.54','0'),('20140024','0','0.00','0'),('20140025','0','19339.41','0'),('20140026','0','79.92','0'),('20140027','0','5964.21','0'),('20140028','0','184.18','0'),('20140029','0','720.67','0'),('20140030','0','0.00','0'),('20140031','0','92.04','0'),('20140032','0','0.00','0'),('20140033','0','0.00','0'),('20140034','0','978.99','0'),('20140035','0','1752.54','0'),('20140036','0','1131.04','0'),('20140037','0','0.00','0'),('20140038','0','0.00','0'),('20140039','0','4520.26','0'),('20140040','0','295.90','0'),('20140041','0','337.78','0'),('20140042','0','-12','0'),('20140043','0','0.00','0'),('20140044','0','0.00','0'),('20140045','0','0.00','0'),('20140046','0','0.00','0'),('20140047','0','572.23','0'),('20140048','0','1295.48','0'),('20140049','0','0.00','0'),('20140050','0','118.18','0'),('20140051','0','118.85','0'),('20140052','0','355.29','0'),('20140053','0','671.72','0'),('20140054','0','746.72','0'),('20140055','0','1974.62','0'),('20140056','0','0.00','0'),('20140057','0','12','0'),('20140058','0','0.00','0'),('20140059','0','0.00','0'),('20140060','0','0.00','0'),('20140061','0','0.00','0'),('20140062','0','0.00','0'),('20140063','0','23.84','0'),('20140064','0','97.21','0'),('20140065','0','656.0','0'),('20140066','0','0.00','0'),('20140067','0','115.86','0'),('20140068','0','0.00','0'),('20140069','0','58.19','0'),('20140070','0','470.65','0'),('20140071','0','651.21','0'),('20140072','0','116.44','0'),('20140073','0','94.1','0'),('20140074','0','116.44','0'),('20140075','0','81.43','0'),('20140076','0','115.30','0'),('20140077','0','117.60','0'),('20140078','0','0.00','0'),('20140079','0','1053.3','0'),('20140080','0','2760.21','0'),('20140081','0','1052.68','0'),('20140082','0','117.02','0'),('20140083','0','0.00','0'),('20140084','0','679.45','0'),('20140085','0','0.00','0'),('20140086','0','1716.41','0'),('20140087','0','2327.07','0'),('20140088','0','0.00','0'),('20140089','0','2586','0'),('20140090','0','0.00','0'),('20140091','0','0.00','0'),('20140092','0','0.00','0'),('20140093','0','14601.15','0'),('20140094','0','1172.05','0'),('20140095','0','0.00','0'),('20140096','0','112.55','0'),('20140097','0','292.53','0'),('20140098','0','112','0'),('20140099','0','112','0'),('20140100','0','0.00','0'),('20140101','0','0.00','0'),('20140102','0','303.93','0'),('20140103','0','22.48','0'),('20140104','0','0.00','0'),('20140105','0','450.29','0'),('20140106','0','221.83','0'),('20140107','0','1825.24','0'),('20140108','0','551.26','0'),('20140109','0','103.06','0'),('20140110','0','2185.46','0'),('20140111','0','216.92','0'),('20140112','0','534.81','0'),('20140113','0','523.97','0'),('20140114','0','581.06','0'),('20140115','0','0.00','0'),('20140116','0','0.00','0'),('20140117','0','737.77','0'),('20140118','0','3621.63','0'),('20140119','0','0.00','0'),('20140120','0','0.00','0'),('20140121','0','3132.80','0'),('20140122','0','954.60','0'),('20140123','0','209','0'),('20140124','0','209','0'),('20140125','0','406','0'),('20140126','0','210.56','0'),('20140127','0','0.00','0'),('20140128','0','40','0'),('20140129','0','0.00','0'),('20140130','0','313.56','0'),('20140131','0','421.08','0'),('20140132','0','421.08','0'),('20140133','0','0.00','0'),('20140134','0','106','0'),('20140135','0','0.00','0'),('20140136','0','1137.68','0'),('20140137','0','0.00','0'),('20140138','0','0.00','0'),('20140139','0','0.00','0'),('20140140','0','0.00','0'),('20140141','0','212','0'),('20140142','0','0.00','0'),('20140143','0','0.00','0'),('20140144','0','413.50','0'),('20140145','0','104.50','0'),('20140146','0','231.75','0'),('20140147','0','231.75','0'),('20140148','0','0.00','0'),('20140149','0','100','0'),('20140150','0','0.00','0'),('20140151','0','0.00','0'),('20140152','0','0.00','0'),('20140153','0','0.00','0'),('20140154','0','0.00','0'),('20140155','0','0.00','0'),('20140156','0','0.00','0'),('20140157','0','0.00','0'),('20140158','0','0.00','0'),('20140159','0','600','0'),('20140160','0','0.00','0'),('20140161','0','0.00','0'),('20140162','0','0.00','0'),('20140163','0','0.00','0'),('20140164','0','400','0'),('20140165','0','100','0'),('20140166','0','100','0'),('20140167','0','0.00','0'),('20140169','0','50','0'),('20140170','0','0.00','0'),('20140171','0','0.00','0'),('20140172','0','22','0'),('20140173','0','300','0'),('20142345','','3456689',''),('20170168','0','','0');
/*!40000 ALTER TABLE `interest` ENABLE KEYS */;
UNLOCK TABLES;

--
-- Table structure for table `trans`
--

DROP TABLE IF EXISTS `trans`;
/*!40101 SET @saved_cs_client     = @@character_set_client */;
/*!40101 SET character_set_client = utf8 */;
CREATE TABLE `trans` (
  `account_num` varchar(255) NOT NULL,
  `date` datetime NOT NULL,
  `def` varchar(255) NOT NULL,
  `withdraw` varchar(255) NOT NULL,
  `current_balance` varchar(255) NOT NULL,
  PRIMARY KEY (`account_num`)
) ENGINE=InnoDB DEFAULT CHARSET=utf8;
/*!40101 SET character_set_client = @saved_cs_client */;

--
-- Dumping data for table `trans`
--

LOCK TABLES `trans` WRITE;
/*!40000 ALTER TABLE `trans` DISABLE KEYS */;
INSERT INTO `trans` VALUES ('20140000','0000-00-00 00:00:00','','','13239196'),('20140002','0000-00-00 00:00:00','','','4053.28'),('20140003','0000-00-00 00:00:00','','','1301.17'),('20140004','0000-00-00 00:00:00','','','288.48'),('20140005','0000-00-00 00:00:00','','','4753.18'),('20140006','0000-00-00 00:00:00','','','2373.32'),('20140007','0000-00-00 00:00:00','','','124.16'),('20140008','0000-00-00 00:00:00','','','146.16'),('20140009','0000-00-00 00:00:00','','','1407.62'),('20140010','0000-00-00 00:00:00','','','5265.18'),('20140011','0000-00-00 00:00:00','','','7518.58'),('20140012','0000-00-00 00:00:00','','','44870.08'),('20140013','0000-00-00 00:00:00','','','1979.48'),('20140014','0000-00-00 00:00:00','','','186.32'),('20140015','0000-00-00 00:00:00','','','3553.89'),('20140016','0000-00-00 00:00:00','','','3096.05'),('20140017','0000-00-00 00:00:00','','','0.00'),('20140018','0000-00-00 00:00:00','','','23'),('20140019','0000-00-00 00:00:00','','','2287.93'),('20140020','0000-00-00 00:00:00','','','536.23'),('20140021','0000-00-00 00:00:00','','','3918.57'),('20140022','0000-00-00 00:00:00','','','24.60'),('20140023','0000-00-00 00:00:00','','','754.54'),('20140024','0000-00-00 00:00:00','','','0.00'),('20140025','0000-00-00 00:00:00','','','19339.41'),('20140026','0000-00-00 00:00:00','','','79.92'),('20140027','0000-00-00 00:00:00','','','5964.21'),('20140028','0000-00-00 00:00:00','','','184.18'),('20140029','0000-00-00 00:00:00','','','720.67'),('20140030','0000-00-00 00:00:00','','','0.00'),('20140031','0000-00-00 00:00:00','','','92.04'),('20140032 ','0000-00-00 00:00:00','','','0.00'),('20140033 ','0000-00-00 00:00:00','','','0.00'),('20140034','0000-00-00 00:00:00','','','978.99'),('20140035','0000-00-00 00:00:00','','','1752.54'),('20140036','0000-00-00 00:00:00','','','1131.04'),('20140037','0000-00-00 00:00:00','','','0.00'),('20140038','0000-00-00 00:00:00','','','0.00'),('20140039','0000-00-00 00:00:00','','','4520.26'),('20140040','0000-00-00 00:00:00','','','295.90'),('20140041','0000-00-00 00:00:00','','','337.78'),('20140042','0000-00-00 00:00:00','','','-12'),('20140043','0000-00-00 00:00:00','','','0.00'),('20140044','0000-00-00 00:00:00','','','0.00'),('20140045','0000-00-00 00:00:00','','','0.00'),('20140046','0000-00-00 00:00:00','','','0.00'),('20140047','0000-00-00 00:00:00','','','572.23'),('20140048','0000-00-00 00:00:00','','','1295.48'),('20140049','0000-00-00 00:00:00','','','0.00'),('20140050','0000-00-00 00:00:00','','','118.18'),('20140051','0000-00-00 00:00:00','','','118.85'),('20140052','0000-00-00 00:00:00','','','355.29'),('20140053','0000-00-00 00:00:00','','','671.72'),('20140054','0000-00-00 00:00:00','','','746.72'),('20140055','0000-00-00 00:00:00','','','1974.62'),('20140056','0000-00-00 00:00:00','','','0.00'),('20140057','0000-00-00 00:00:00','','','12'),('20140058','0000-00-00 00:00:00','','','0.00'),('20140059','0000-00-00 00:00:00','','','0.00'),('20140060','0000-00-00 00:00:00','','','0.00'),('20140061','0000-00-00 00:00:00','','','0.00'),('20140062','0000-00-00 00:00:00','','','0.00'),('20140063','0000-00-00 00:00:00','','','23.84'),('20140064','0000-00-00 00:00:00','','','97.21'),('20140065','0000-00-00 00:00:00','','','656.0'),('20140066','0000-00-00 00:00:00','','','0.00'),('20140067','0000-00-00 00:00:00','','','115.86'),('20140068','0000-00-00 00:00:00','','','0.00'),('20140069','0000-00-00 00:00:00','','','58.19'),('20140070','0000-00-00 00:00:00','','','470.65'),('20140071','0000-00-00 00:00:00','','','651.21'),('20140072','0000-00-00 00:00:00','','','116.44'),('20140073','0000-00-00 00:00:00','','','94.1'),('20140074','0000-00-00 00:00:00','','','116.44'),('20140075','0000-00-00 00:00:00','','','81.43'),('20140076','0000-00-00 00:00:00','','','115.30'),('20140077','0000-00-00 00:00:00','','','117.60'),('20140078','0000-00-00 00:00:00','','','0.00'),('20140079','0000-00-00 00:00:00','','','1053.3'),('20140080','0000-00-00 00:00:00','','','2760.21'),('20140081','0000-00-00 00:00:00','','','1052.68'),('20140082','0000-00-00 00:00:00','','','117.02'),('20140083','0000-00-00 00:00:00','','','0.00'),('20140084','0000-00-00 00:00:00','','','679.45'),('20140085','0000-00-00 00:00:00','','','0.00'),('20140086','0000-00-00 00:00:00','','','1716.41'),('20140087','0000-00-00 00:00:00','','','2327.07'),('20140088','0000-00-00 00:00:00','','',''),('20140089','0000-00-00 00:00:00','','','2586'),('20140090','0000-00-00 00:00:00','','','0.00'),('20140091','0000-00-00 00:00:00','','','0.00'),('20140092','0000-00-00 00:00:00','','','0.00'),('20140093','0000-00-00 00:00:00','','','14601.15'),('20140094','0000-00-00 00:00:00','','','1172.05'),('20140095','0000-00-00 00:00:00','','','0.00'),('20140096','0000-00-00 00:00:00','','','112.55'),('20140097','0000-00-00 00:00:00','','','292.53'),('20140098','0000-00-00 00:00:00','','','112'),('20140099','0000-00-00 00:00:00','','','112'),('20140100','0000-00-00 00:00:00','','','0.00'),('20140101','0000-00-00 00:00:00','','','0.00'),('20140102','0000-00-00 00:00:00','','','303.93'),('20140103','0000-00-00 00:00:00','','','22.48'),('20140104','0000-00-00 00:00:00','','','0.00'),('20140105','0000-00-00 00:00:00','','','450.29'),('20140106','0000-00-00 00:00:00','','','221.83'),('20140107','0000-00-00 00:00:00','','','1825.24'),('20140108','0000-00-00 00:00:00','','','551.26'),('20140109','0000-00-00 00:00:00','','','103.06'),('20140110','0000-00-00 00:00:00','','','2185.46'),('20140111','0000-00-00 00:00:00','','','216.92'),('20140112','0000-00-00 00:00:00','','','534.81'),('20140113','0000-00-00 00:00:00','','','523.97'),('20140114','0000-00-00 00:00:00','','','581.06'),('20140115','0000-00-00 00:00:00','','','0.00'),('20140116','0000-00-00 00:00:00','','','0.00'),('20140117','0000-00-00 00:00:00','','','737.77'),('20140118','0000-00-00 00:00:00','','','3621.63'),('20140119','0000-00-00 00:00:00','','','0.00'),('20140120','0000-00-00 00:00:00','','','0.00'),('20140121','0000-00-00 00:00:00','','','3132.80'),('20140122','0000-00-00 00:00:00','','','954.60'),('20140123','0000-00-00 00:00:00','','','209'),('20140124','0000-00-00 00:00:00','','','209'),('20140125','0000-00-00 00:00:00','','','406'),('20140126','0000-00-00 00:00:00','','','210.56'),('20140127','0000-00-00 00:00:00','','','0.00'),('20140128','0000-00-00 00:00:00','','','40'),('20140129','0000-00-00 00:00:00','','','0.00'),('20140130','0000-00-00 00:00:00','','','313.56'),('20140131','0000-00-00 00:00:00','','','421.08'),('20140132','0000-00-00 00:00:00','','','421.08'),('20140133','0000-00-00 00:00:00','','','0.00'),('20140134','0000-00-00 00:00:00','','','106'),('20140135','0000-00-00 00:00:00','','','0.00'),('20140136','0000-00-00 00:00:00','','','1137.68'),('20140137','0000-00-00 00:00:00','','','0.00'),('20140138','0000-00-00 00:00:00','','','0.00'),('20140139','0000-00-00 00:00:00','','','0.00'),('20140140','0000-00-00 00:00:00','','','0.00'),('20140141','0000-00-00 00:00:00','','','212'),('20140142','0000-00-00 00:00:00','','','0.00'),('20140143','0000-00-00 00:00:00','','','0.00'),('20140144','0000-00-00 00:00:00','','','413.50'),('20140145','0000-00-00 00:00:00','','','104.50'),('20140146','0000-00-00 00:00:00','','','231.75'),('20140147','0000-00-00 00:00:00','','','231.75'),('20140148','0000-00-00 00:00:00','','','0.00'),('20140149','0000-00-00 00:00:00','','','100'),('20140150','0000-00-00 00:00:00','','','0.00'),('20140151','0000-00-00 00:00:00','','','0.00'),('20140152','0000-00-00 00:00:00','','','0.00'),('20140153','0000-00-00 00:00:00','','','0.00'),('20140154','0000-00-00 00:00:00','','','0.00'),('20140155','0000-00-00 00:00:00','','','0.00'),('20140156','0000-00-00 00:00:00','','','0.00'),('20140157','0000-00-00 00:00:00','','','0.00'),('20140158','0000-00-00 00:00:00','','','0.00'),('20140159','0000-00-00 00:00:00','','','600'),('20140160','0000-00-00 00:00:00','','','0.00'),('20140161','0000-00-00 00:00:00','','','0.00'),('20140162','0000-00-00 00:00:00','','','0.00'),('20140163','0000-00-00 00:00:00','','','0.00'),('20140164','0000-00-00 00:00:00','','','400'),('20140165','0000-00-00 00:00:00','','','100'),('20140166','0000-00-00 00:00:00','','','100'),('20140167','0000-00-00 00:00:00','','',''),('20140168','0000-00-00 00:00:00','','',''),('20140169','0000-00-00 00:00:00','','','50'),('20140170','0000-00-00 00:00:00','','',''),('20140171','0000-00-00 00:00:00','','',''),('20140172','0000-00-00 00:00:00','','','22'),('20140173','0000-00-00 00:00:00','','','300'),('20142345','0000-00-00 00:00:00','','','3456689');
/*!40000 ALTER TABLE `trans` ENABLE KEYS */;
UNLOCK TABLES;

--
-- Table structure for table `user`
--

DROP TABLE IF EXISTS `user`;
/*!40101 SET @saved_cs_client     = @@character_set_client */;
/*!40101 SET character_set_client = utf8 */;
CREATE TABLE `user` (
  `account_num` varchar(255) NOT NULL,
  `name` varchar(255) NOT NULL,
  `birthday` varchar(255) NOT NULL,
  `start_balance` varchar(255) NOT NULL,
  `position` varchar(255) NOT NULL,
  `gender` varchar(10) NOT NULL,
  `img` varchar(255) NOT NULL,
  `index_no` varchar(255) NOT NULL,
  PRIMARY KEY (`account_num`)
) ENGINE=InnoDB DEFAULT CHARSET=utf8;
/*!40101 SET character_set_client = @saved_cs_client */;

--
-- Dumping data for table `user`
--

LOCK TABLES `user` WRITE;
/*!40000 ALTER TABLE `user` DISABLE KEYS */;
INSERT INTO `user` VALUES ('20140000','testststststst','3/21/2018','11999900','Normal','Male ','male','12'),('20140002','Dinupa Vindew','','','Normal','Male','male',''),('20140003','H.A Dulangi','','','Normal','Female','femalw',''),('20140004','chalani chathubhashini','4/23/1999','','Normal','Female ','female',''),('20140005','nisanga madurangi ','7/9/2006','','Normal','Female ','female',''),('20140006','Ramesh lasintha','1/30/2006','','Normal','Male ','male',''),('20140007','pasindu dilshan ','6/18/2007','','Normal','Male ','male',''),('20140008','vihangi hirushika','4/13/2005','','Normal','Female ','female',''),('20140009','deshan madusanka ','9/21/2003','','Normal','Male ','male',''),('20140010','yasiru madusanka ','5/22/2000','','Normal','Male ','male',''),('20140011','pathumi himesha ','10/23/2001','','Normal','Female ','female',''),('20140012','Sri saddathissa workbook','1/1/2018','','Normal','Male ','male',''),('20140013','hirushika madumali ','4/7/2001','','Normal','Female ','female',''),('20140014','thisari kavindya ','6/12/2003','','Normal','Female ','female',''),('20140015','Batch Account','','','Normal','Male ','male',''),('20140016','Sri saddathissa library','1/1/2018','','Normal','Male ','male',''),('20140017','nimashi maduwanthi ','4/16/1998','','Normal','Female ','female',''),('20140018','nethmi kavindya wanigasekara ','10/23/1997','','Normal','Female ','female',''),('20140019','ishan ravindu dilshan','1/24/2003','','Normal','Male ','male',''),('20140020','chamodi harshika abewaradhen','11/5/1999','','Normal','Female ','female',''),('20140021','kaveesha sithumi sanjan ','6/17/2007','','Normal','Male ','male',''),('20140022','nayanakantha premakumara','3/23/2003','','Normal','Female ','female',''),('20140023','lahiru himantha ','4/28/2003','','Normal','Male ','male',''),('20140024','dilhara dananja ','12/11/2003','','Normal','Male ','male',''),('20140025','asela iduranga harischandra','10/12/2003','','Normal','Male ','male',''),('20140026','minoli himasha ','12/22/2003','','Normal','Female ','female',''),('20140027','samadi isurika ','11/21/2006','','Normal','Female ','female',''),('20140028','oshani chamila','8/6/1999','','Normal','Female ','female',''),('20140029','mithini shashikala ','8/12/1999','','Normal','Female ','female',''),('20140030','saduni ishadi madushika','4/11/1999','','Normal','Female ','female',''),('20140031','ishara maduwanthi ','4/3/2005','','Normal','Female ','female',''),('20140032 ','tishan kausha','8/21/2003','','Normal','Male ','male',''),('20140033 ','randi sehara parami ','8/18/2003','','Normal','Female ','female',''),('20140034','mihiran anushka thisera ','3/8/2001','','Normal','Male ','male',''),('20140035','hasini himasha thisera ','10/24/2008','','Normal','Female','female',''),('20140036','yasiru vihanga nimsara','6/14/2007','','Normal','Male ','male',''),('20140037','janith iduwara','1/23/2002','','Normal','Male ','male',''),('20140038','nethmini nadee kaushalya piris','3/8/1999','','Normal','Female ','female',''),('20140039','kaveesha jayaranga','8/12/2005','','Normal','Male ','male',''),('20140040','lahiru madushan','11/11/2002','','Normal','Male ','male',''),('20140041','kavindu chathuranga','2/25/2003','','Normal','Male ','male',''),('20140042','ravindu gayanga','4/26/2004','','Normal','Male ','male',''),('20140043','hishan devinda','4/10/2003','','Normal','Male ','male',''),('20140044','thilini kaushalya','3/15/2003','','Normal','Female ','female',''),('20140045','dilki himarshani','5/28/2003','','Normal','Female ','female',''),('20140047','rashmika dewmini','5/27/2009','','Normal','Female ','female',''),('20140048','chethana hasini kumari ','3/20/2009','','Normal','Female ','female',''),('20140049','senuri damsara','5/19/2009','','Normal','Female ','female',''),('20140050','shashipraba dewmini','6/6/2009','','Normal','Female ','female',''),('20140051','dujika thenuri sanjana','1/26/2009','','Normal','Female ','female',''),('20140052','theekshan ranathunga','10/15/2009','','Normal','Male ','male',''),('20140053','sithumini uthkarsha','11/9/2010','','Normal','Female ','female',''),('20140054','nethmini uthkarsha','11/11/2009','','Normal','Female ','female',''),('20140055','nimesh hansanuwan','1/11/2010','','Normal','Male ','male',''),('20140056','kavishka dilshan jaysinghe','9/29/2009','','Normal','Male ','male',''),('20140057','raveena sayurangi munasighe','3/2/2009','','Normal','Female ','female',''),('20140058','yehan navod sathsara ','6/9/2009','','Normal','Male ','male',''),('20140059','dinithi wimarshana','6/17/2009','','Normal','Female ','female',''),('20140060','umangi mandira','1/28/2010','','Normal','Female ','female',''),('20140061','mihin laksahan','3/9/2009','','Normal','Male ','male',''),('20140062','rashmika bandara ','11/7/2003','','Normal','Male ','male',''),('20140063','hasara sukeshala','3/18/2006','','Normal','Male ','male',''),('20140064','pasindu sulochana','3/4/2009','','Normal','Male ','male',''),('20140065','saduni nimesha ','1/10/2001','','Normal','Female ','female',''),('20140066','pasindu sathruwan ','4/12/2004','','Normal','Male ','male',''),('20140067','pramila udayangani','2/2/2000','','Normal','Female ','female',''),('20140068','gishan rashmika','1/16/2002','','Normal','Male ','male',''),('20140069','eshan avishka indrajith','1/28/2004','','Normal','Male ','male',''),('20140070','chamodi navodya wijethunga','4/23/2009','','Normal','Female ','female',''),('20140071','kaveesha ravindi ranawaka ','7/9/2002','','Normal','Female ','female',''),('20140072','punsara pathumal weerakkodi','10/10/2007','','Normal','Male ','male',''),('20140073','lakshini wathsala ranahansi','8/7/2006','','Normal','Female ','female',''),('20140074','dilini tharaka weerakkodi','8/8/2002','','Normal','Female ','female',''),('20140075','ridma nuwanthi perera ','7/24/2002','','Normal','Female ','female',''),('20140076','hiranya nimhara','10/5/2009','','Normal','Male ','male',''),('20140077','sugandi nisanga','6/8/2007','','Normal','Female ','female',''),('20140078','kavindu chathuranga','9/20/1999','','Normal','Male ','male',''),('20140079','hasini diwyanjali','6/15/1999','','Normal','Female ','female',''),('20140080','tishan sumidu rosairu','1/12/2003','','Normal','Male ','male',''),('20140081','oshadi suvindi rosairu ','7/19/2007','','Normal','Female ','female',''),('20140082','bhagya wanigasekara ','12/25/1999','','Normal','Female ','female',''),('20140083','rashmitha deshanjana kudawithana ','10/16/2006','','Normal','Male ','male',''),('20140084','tishan kushalya','8/21/2003','','Normal','Male ','male',''),('20140085','nayana kalhara','6/4/2003','','Normal','Male ','male',''),('20140086','ravindu darshana ','3/31/2003','','Normal','Male ','male',''),('20140087','malishi udyayangi darshna ','5/7/2006','','Normal','Female ','female',''),('20140088','monashi methmini ','11/14/2006','','Normal','Female ','female',''),('20140089','maleesha hirumal','3/28/2007','','Normal','Male ','male',''),('20140090','hirusha pinsara','2/16/2008','','Normal','Male ','male',''),('20140091','tharindu theekshan pallegedara ','7/25/2007','','Normal','Male ','male',''),('20140092','hansa dilshan','11/10/2007','','Normal','Male ','male',''),('20140093','sadali pabasara gimhani','4/10/2010','','Normal','Female ','female',''),('20140094','watheesha kalnilu','8/6/2010','','Normal','Male ','male',''),('20140095','senuja shashilka nethsara perera','10/29/2009','','Normal','Male ','male',''),('20140096','nayana nimsara ','4/25/2009','','Normal','Male ','male',''),('20140097','maleesha lakmal','4/10/2010','','Normal','Male ','male',''),('20140098','kaveesha sewwandi','12/28/2010','','Normal','Female ','female',''),('20140099','maleesha dilshan','6/13/2009','','Normal','Male ','male',''),('20140100','hasara navodyani','12/12/2003','','Normal','Female ','female',''),('20140101','nishadi kavindya ','2/18/2004','','Normal','Female ','female',''),('20140102','R.H Viduni','','','Normal','Female','female',''),('20140103','isiri navodya jayawardena ','5/22/2010','','Normal','Female ','female',''),('20140104','dahami sidangana','3/17/2008','','Normal','Female ','female',''),('20140105','timasha sathsarani ruwanthika','5/22/2010','','Normal','Female ','female',''),('20140106','tharindu dananjaya','12/8/2010','','Normal','Male ','male',''),('20140107','viduni dahamdi','2/15/2008','','Normal','Female','female',''),('20140108','pasindu  lakshan kumara','2/17/2007','','Normal','Male ','male',''),('20140109','Prefect Board','','','','','',''),('20140110','Rawan','','','Normal','Male','male',''),('20140111','S.A Dulakshi','','','Normal','Female','female',''),('20140112','M.D Danusha','','','Normal','Male','male',''),('20140113','M.D Tharusha','','','Normal','Male','male',''),('20140114','G.A Chanithu Dinayana','','','Normal','Male','male',''),('20140115','prabashwara sameem ranmal','9/13/2004','','Normal','Male ','male',''),('20140116','prabashi vishmi ranahansi','12/23/2007','','Normal','Female ','female',''),('20140117','saduni kavindya','7/6/2004','','Normal','Female ','female',''),('20140118','kusal idusara','2/17/2011','','Normal','Male ','male',''),('20140119','rasini prabagi','6/27/2011','','Normal','Female ','female',''),('20140120','ravindu madushanka','3/13/2006','','Normal','Male ','male',''),('20140121','lisiri wethara','4/25/2011','','Normal','Female ','female',''),('20140122','hashini nimsarani ','6/14/2011','','Normal','Female','female',''),('20140123','lasith vidarshana','6/2/2011','','Normal','Male ','male',''),('20140124','yehani bahgya','5/2/2007','','Normal','Female ','female',''),('20140125','bavindu hansaka','3/21/2011','','Normal','Male ','male',''),('20140126','maheshwan sheen ','10/1/2011','','Normal','Male ','male',''),('20140127','thisaru nemsara','12/21/2010','','Normal','Male ','male',''),('20140128','udara eranga perera ','5/29/2011','','Normal','Male ','male',''),('20140129','chamod  gimhana ','10/7/2011','','Normal','Male ','male',''),('20140130','jinuli manujana kolindi','3/1/2011','','Normal','Female ','female',''),('20140131','isuri moksha kalpani de silva','5/7/2006','','Normal','Female ','female',''),('20140132','hasaru deshan de silva ','5/9/2011','','Normal','Male ','male',''),('20140133','dihansa anjali','8/15/2011','','Normal','Female ','female',''),('20140134','resadi sadithma','3/22/2011','','Normal','Female ','female',''),('20140135','kaushi ganendya jayawardhena','6/2/2009','','Normal','Female ','female',''),('20140136','binga weerasighe','4/5/2010','','Normal','Male ','male',''),('20140137','denuwan danush','11/9/2011','','Normal','Male ','male',''),('20140138','viduni sathsarani','5/5/2011','','Normal','Female ','female',''),('20140139','kaveesh himasha','11/2/2010','','Normal','Male ','male',''),('20140140','asitha shiwanka herath wanigasooriya','1/3/2011','','Normal','Male ','male',''),('20140141','binuka idusara perera','3/20/2009','','Normal','Male ','male',''),('20140142','moksha iduranga','2/19/2011','','Normal','Male ','male',''),('20140143','gimhan chathuranga','10/7/2011','','Normal','Male ','male',''),('20140144','thulani savindya sadaruwan ','11/24/2011','','Normal','Female ','female',''),('20140145','hashini chamodya','10/24/2005','','Normal','Female ','female',''),('20140146','chamuditha shehan sarathchandra ','7/13/2011','','Normal','Male ','male',''),('20140147','sathira thides dewnuwan sarathchandra','9/21/2011','','Normal','Male ','male',''),('20140149','Kanchana Chathurangi','','','Normal','Female','female',''),('20140150','M.K sachini','','','Normal','Female','female',''),('20140151','T.kaveesha thamasha','','','Normal','Female','female',''),('20140152','T.samadhi','','','Normal','Female','female',''),('20140153','T.Nimna','','','Normal','Female','female',''),('20140154','B.D.Januki','','','Normal','Female','female',''),('20140155','L.U.sayuni','','','Normal','Female','female',''),('20140156','L.U.kusal','','','Normal','Male','male',''),('20140157','D.sanoji Nimsara','','','Normal','Female','female',''),('20140158','M.sadath sasmitha','','','Normal','Male','male',''),('20140159','I.D.Oshadi','','','Normal','Female','female',''),('20140160','A.D.Dilara','','','Normal','Female','female',''),('20140161','I.K.Sithumi','','','Normal','Female','female',''),('20140162','I.K.Chamalsha','','','Normal','Female','female',''),('20140163','M.Sasini','','','Normal','Female','female',''),('20140164','H.A.Hasindu','','','Normal','Male','male',''),('20140165','M.Pahan Methsara','','','Normal','Male','male',''),('20140166','G.D. Sachintha vilochana','','','Normal','Male','male',''),('20140167','W.Vishmi Devindi','','','Normal','Female','female',''),('20140168','M.Kosali Pabasara','','','Normal','Female','female',''),('20140169','K.A. Daham','','','Normal','Male','male',''),('20140170','S.Denuwan','','','Normal','Male','male',''),('20140171','G.Tharusha Roshan','','','Normal','Male','male',''),('20140172','R.M. Bamira','','','Normal','Male','male',''),('20140173','M.Rasidu Rukshan','','','Normal','Male','male',''),('20142345','sdfghjkl;','3/27/2018','3456689','Normal','Male ','male','34');
/*!40000 ALTER TABLE `user` ENABLE KEYS */;
UNLOCK TABLES;
/*!40103 SET TIME_ZONE=@OLD_TIME_ZONE */;

/*!40101 SET SQL_MODE=@OLD_SQL_MODE */;
/*!40014 SET FOREIGN_KEY_CHECKS=@OLD_FOREIGN_KEY_CHECKS */;
/*!40014 SET UNIQUE_CHECKS=@OLD_UNIQUE_CHECKS */;
/*!40101 SET CHARACTER_SET_CLIENT=@OLD_CHARACTER_SET_CLIENT */;
/*!40101 SET CHARACTER_SET_RESULTS=@OLD_CHARACTER_SET_RESULTS */;
/*!40101 SET COLLATION_CONNECTION=@OLD_COLLATION_CONNECTION */;
/*!40111 SET SQL_NOTES=@OLD_SQL_NOTES */;

-- Dump completed on 2018-03-12 15:39:09
